<?xml version="1.0" encoding="UTF-8" standalone="yes"?>
<addon id="repository.kingaddons"
       name="King Addons"
       version="5.0.0"
       provider-name="King">
    <extension point="xbmc.addon.repository" name="King repository">
        <info compressed="false"></info>
        <checksum></checksum>
        <datadir zip="true"></datadir>
    </extension>
    <extension point="xbmc.addon.metadata">
        <summary>Fuck You Kodi Free</summary>
        <description>Fuck You Kodi Free</description>
        <disclaimer>Fuck You Kodi Free</disclaimer>
        <platform>all</platform>
    </extension>
</addon>