<?xml version="1.0" encoding="UTF-8"?>
<window>
	<defaultcontrol always="true">5</defaultcontrol>
	<controls>
        <include>GlobalOverlay</include>
		<control type="group">
            <include>Animation_SlideIn</include>
            <centerleft>50%</centerleft>
            <width>favdialogw</width>
            <bottom>80</bottom>
            <height>514</height>
            <include>Dialog_Background</include>
            <include content="Dialog_Top_IconHeader">
                <param name="label" value="$INFO[ListItem.Label]" />
                <param name="icon" value="special://home/addons/resource.images.skinicons.wide/resources/icons/info.png" />
            </include>
            <control type="group">
                <left>side</left>
                <bottom>side</bottom>
                <width>414</width>
                <height>414</height>
                <include>Object_Background</include>
            </control>
            <control type="image">
                <left>side</left>
                <bottom>side</bottom>
                <width>414</width>
                <height>414</height>
                <aspectratio>keep</aspectratio>
                <texture background="true" fallback="DefaultAddon.png">$INFO[ListItem.Icon]</texture>
            </control>
            <include content="Dialog_FavouriteList">
                <param name="id" value="5" />
                <param name="moveid" value="noop" />
                <param name="label2" value="true" />
            </include>

        </control>

	</controls>

</window>