<?xml version="1.0" encoding="UTF-8"?>
<addon
    id="skin.eminence.2.mod"
    version="999.3.9.9"
    name="Diggz Eminence"
    provider-name="Diggz">
    <requires>
        <import addon="xbmc.gui" version="5.14.0"/>
        <import addon="script.skinshortcuts" version="1.0.13"/>
        <import addon="script.skin.helper.service" version="1.1.23"/>
		<import addon="script.skin.helper.widgets" version="1.0.35"/>
		<import addon="script.skin.helper.colorpicker" version="1.0.12"/>
        <import addon="script.extendedinfo" version="5.0.0"/>
        <import addon="script.image.resource.select" version="0.0.5"/>
        <import addon="plugin.program.autocompletion" version="1.0.1"/>
        <import addon="resource.images.weatherfanart.multi" version="0.0.6"/>		
    </requires>
    <extension point="xbmc.gui.skin" effectslowdown="1.00" debugging="false">
        <res width="1920" height="1080" aspect="16:9" default="true" folder="16x9" />
    </extension>
    <extension point="xbmc.addon.metadata">
        <platform>all</platform>
        <summary lang="en">Diggz Eminence</summary>
        <description lang="en">Eminence is a skin that aims to be clean, clear, simple and modern.</description>
        <description lang="fr">Eminence est un thème qui vise à être clair, simple et moderne.</description>
		<assets>
		 	<icon>icon.png</icon>
 			<fanart>fanart.jpg</fanart>
		</assets>	
		<news> 
		</news>
	</extension>
</addon>
