<?xml version="1.0" encoding="UTF-8" standalone="yes"?>
<addon id="plugin.video.formula1" name="Formula 1" version="1.0.0" provider-name="jaylinski">
    <requires>
        <import addon="xbmc.python" version="2.25.0"/>
        <import addon="script.module.future" version="0.16.0"/>
        <import addon="script.module.requests" version="2.4.3"/>
    </requires>
    <extension point="xbmc.python.pluginsource" library="addon.py">
        <provides>video</provides>
    </extension>
    <extension point="xbmc.addon.metadata">
        <summary lang="de_DE">Videos von der Formula 1 Website</summary>
        <summary lang="en_GB">Videos from the Formula 1 website</summary>
        <disclaimer lang="en_GB">This plugin is not official, approved or endorsed by Formula 1.</disclaimer>
        <platform>all</platform>
        <license>MIT</license>
        <forum>https://forum.kodi.tv/showthread.php?tid=352138</forum>
        <website>https://www.formula1.com</website>
        <source>https://github.com/jaylinski/kodi-addon-formula1</source>
        <news>1.0.0 (2020-03-03)
Initial release.
        </news>
        <assets>
            <icon>resources/icon.png</icon>
            <fanart>resources/fanart.jpg</fanart>
        </assets>
    </extension>
</addon>
