﻿<?xml version="1.0" encoding="UTF-8" standalone="yes"?>
<addon id="plugin.video.karaoketv"
       name="KaraokeTV"
       version="1.1.0"
       provider-name="Hybrid\Blade\Donatello">
  <requires>
 <import addon="xbmc.python" version="2.1.0"/>
 <import addon="script.module.beautifulsoup4" version="4.3.1" />
 <import addon="script.module.requests" version="2.3.0" />
 <import addon="script.module.html5lib" version="0.999.0" />
  </requires>
  <extension point="xbmc.python.pluginsource" library="default.py">
        <provides>video</provides>
  </extension>
  <extension point="xbmc.addon.metadata">
    <summary lang="en">This plugin let you watch karaoke.</summary>
    <description lang="en">
    Watch karaoke.
    For donations: https://goo.gl/5MLzGS
	Donatello donations: http://donatellokodi.blogspot.co.il/2015/10/blog-post.html
	</description>
    <platform>all</platform>
 <language>en</language>
 <disclaimer> report any issues with this addon to Hybridmag12@gmail.com</disclaimer>
  </extension>
</addon>