<?xml version="1.0" encoding="UTF-8" standalone="yes"?>
<addon id="repository.Fishenzon" name="Fishenzon repo" version="5.0.0" provider-name="Fishenzon">
	<extension point="xbmc.addon.repository" name="Fishenzon repo">
		<info compressed="false"></info>
		<checksum></checksum>
		<datadir zip="true"></datadir>
	</extension>
	<extension point="xbmc.addon.metadata">
		<summary>Fishenzon Repo</summary>
		<description>Fishenzon Repo</description>
		<platform>all</platform>
	</extension>
</addon>

