<?xml version='1.0' encoding='UTF-8'?>
<shortcuts>
    <shortcut>
        <label>3</label>
        <label2>Common Shortcut</label2>
        <defaultID>videos</defaultID>
        <icon>special://home/addons/resource.images.skinicons.wide/resources/icons/video-addons.png</icon>
        <action>ActivateWindow(Videos,VideoLibrary)</action>
    </shortcut>
    <shortcut>
        <label>20342</label>
        <label2>Hub 1101</label2>
        <defaultID>x1101</defaultID>
        <icon>special://home/addons/resource.images.skinicons.wide/resources/icons/film.png</icon>
        <action>ActivateWindow(1101)</action>
    </shortcut>
    <shortcut>
        <label>20343</label>
        <label2>Hub 1102</label2>
        <defaultID>x1102</defaultID>
        <icon>special://home/addons/resource.images.skinicons.wide/resources/icons/tv.png</icon>
        <action>ActivateWindow(1102)</action>
    </shortcut>
    <shortcut>
        <label>2</label>
        <label2>Common Shortcut</label2>
        <defaultID>music</defaultID>
        <icon>special://home/addons/resource.images.skinicons.wide/resources/icons/songs.png</icon>
        <action>ActivateWindow(Music)</action>
    </shortcut>
    <shortcut>
        <label>31015</label>
        <label2>Common Shortcut</label2>
        <defaultID>livetv</defaultID>
        <icon>special://home/addons/resource.images.skinicons.wide/resources/icons/livetv.png</icon>
        <action>ActivateWindow(MyPVR)</action>
    </shortcut>
    <shortcut>
        <label>1</label>
        <label2>Common Shortcut</label2>
        <defaultID>pictures</defaultID>
        <icon>special://home/addons/resource.images.skinicons.wide/resources/icons/pictures.png</icon>
        <action>ActivateWindow(Pictures)</action>
    </shortcut>
    <shortcut>
        <label>0</label>
        <label2>Common Shortcut</label2>
        <defaultID>programs</defaultID>
        <icon>special://home/addons/resource.images.skinicons.wide/resources/icons/addons.png</icon>
        <action>ActivateWindow(Programs)</action>
    </shortcut>
    <shortcut>
        <label>8</label>
        <label2>Common Shortcut</label2>
        <defaultID>weather</defaultID>
        <icon>special://home/addons/resource.images.skinicons.wide/resources/icons/weather.png</icon>
        <action>ActivateWindow(Weather)</action>
    </shortcut>
    <shortcut>
        <label>10004</label>
        <label2>Common Shortcut</label2>
        <defaultID>settings</defaultID>
        <icon>special://home/addons/resource.images.skinicons.wide/resources/icons/settings.png</icon>
        <action>ActivateWindow(Settings)</action>
    </shortcut>
    <shortcut>
        <label>33060</label>
        <label2>Common Shortcut</label2>
        <defaultID>power</defaultID>
        <icon>special://home/addons/resource.images.skinicons.wide/resources/icons/power.png</icon>
        <action>ActivateWindow(shutdownmenu)</action>
    </shortcut>
</shortcuts>
