<?xml version="1.0" encoding="UTF-8" standalone="yes"?>
<addon id="plugin.video.russianplaylis" name="Russian Playlist" version="1.0.0" provider-name="King">
  <requires>
    <import addon="xbmc.python" version="2.1.0"/>
    <import addon="script.module.requests" version="2.9.1"/>
  </requires>
  <extension point="xbmc.python.pluginsource" library="default.py">
        <provides>video</provides>
  </extension>
  <extension point="xbmc.addon.metadata">
    <summary lang="en">Playlist Loader</summary>
    <summary lang="he">Playlist Loader</summary>
    <description lang="en">Playlist Loader</description>
    <description lang="he">Playlist Loader</description>
    <platform>all</platform>
	<news>
1.3.0
- Added default icons.
- Added transparency to existing icons for better themes integration.
- Added virtual directories feature allowing a better categorization of m3u lists.
- Refresh favourites list when moving an item.
- Ability to move playlists root and directories sides.
- Refresh playlists and directories when moving an item.
- Disabled TvDb and MovieDb for now ( waiting for improvements )

1.2.1
- Taking ownership of the addon, see : https://github.com/avigdork/xbmc-avigdork/pull/8#issuecomment-416955692
- Fixed regex => grouping issue when tvg-logo was empty.
- Added icon image also when items are grouped.
- Regex fix for title containing comas.
- Added TheTvDb scan for each lists in contextual menu ( beta ).

	</news>
  </extension>
</addon>
